id,wallet,name,opened,detected,delay_min,title,outcome,category,market_type,game_start,wallet_fill,wallet_cost,status,mid,ask,avg_price,fee_rate,fees,shares,spent,sold_shares,sale_cash,sells_mirrored,mirrored_through,exit,settled,value,pnl,roi,close_mid,close_at,clv_c,wallet_clv_c,kalshi_ticker,kalshi_side,kalshi_label,kalshi_ask,kalshi_note,kalshi_result,kalshi_roi,token,cond,event_slug,slug
0x361b16e3ddfe1d415d41008daac2631d94ab74fe:23393693666874481713130729006946631370409313090868010017785689438203778508452:1791312288,0x361b16e3ddfe1d415d41008daac2631d94ab74fe,0x361b..74fe,2026-10-06T18:44:48Z,2026-10-06T19:39:55Z,55.1,England vs. Czechia: O/U 3.5,Over,sports,totals,2026-10-06T18:45:00Z,0.5231,52.35,skipped_chase,0.625,0.63,,0.05,,,,,,,,,,,,,,,,,,,,,,,,23393693666874481713130729006946631370409313090868010017785689438203778508452,0xc06b31188ed87081f9af3dd5ec63d0b4750042d2b8844399cc2198db1fec2777,unl-eng-cze-2026-10-06-more-markets,unl-eng-cze-2026-10-06-total-3pt5
0x361b16e3ddfe1d415d41008daac2631d94ab74fe:94740429302429140537216243520405280450036932787670101256622943244551121866021:1791314879,0x361b16e3ddfe1d415d41008daac2631d94ab74fe,0x361b..74fe,2026-10-06T19:27:59Z,2026-10-06T19:39:55Z,11.9,Will Bulgaria win on 2026-10-06?,No,sports,moneyline,2026-10-06T18:45:00Z,0.1,1.33,too_small,,,,,,,,,,,,,,,,,,,,,,,,,,,,94740429302429140537216243520405280450036932787670101256622943244551121866021,0xdeafbc3f706d238eb41d1ccab8b5bef5d52a7ca5b4bebfe50e069daffe356845,unl-lux-bul-2026-10-06,unl-lux-bul-2026-10-06-bul
0x361b16e3ddfe1d415d41008daac2631d94ab74fe:86903895398531796228615521034663040923406718104383229018951730638778978488348:1791315833,0x361b16e3ddfe1d415d41008daac2631d94ab74fe,0x361b..74fe,2026-10-06T19:43:53Z,2026-10-06T19:59:39Z,15.8,Will Luxembourg win on 2026-10-06?,No,sports,moneyline,2026-10-06T18:45:00Z,0.977,14.38,copied,0.986,0.988,0.989,0.05,0.0552,101.0615,100.0,0,0,0,,resolved,2026-10-06T22:44:44Z,1.0,1.0615,0.0106,,,,,KXUEFANLGAME-26OCT06LUXBUL-LUX,no,Luxembourg,0.99,,win,0.0094,86903895398531796228615521034663040923406718104383229018951730638778978488348,0x96370619b208014a9971c504d685a34fa679d79779d3b0295f8b2dcfb85e9b24,unl-lux-bul-2026-10-06,unl-lux-bul-2026-10-06-lux
0xb7271c112cbd83eb4c1ef1b554ff963604ae2a9d:45207622784536483962744855785464500964864421689424529673179528644220246202646:1791323838,0xb7271c112cbd83eb4c1ef1b554ff963604ae2a9d,Elaran1993,2026-10-06T21:57:18Z,2026-10-06T21:58:17Z,1.0,Will there be a run scored in the first inning?: Los Angeles Dodgers vs. Atlanta Braves,Yes,sports,nrfi,2026-10-06T22:00:00Z,0.38,431.9328,copied,0.385,0.39,0.3944,0.05,2.9389,246.1281,100.0,0,0,0,,resolved,2026-10-06T22:54:57Z,0.0,-100.0,-1.0,0.385,2026-10-06T21:58:17Z,-0.94,0.5,,,,,no matching Kalshi game,,,45207622784536483962744855785464500964864421689424529673179528644220246202646,0x9b11aba2e361e2a11f8dee8254e08d6febbb5ae2752200fbe40d2ae625814839,mlb-lad-atl-2026-10-06,mlb-lad-atl-2026-10-06-nrfi
0x44c1dfe43260c94ed4f1d00de2e1f80fb113ebc1:12628801101588608448015771346685662698857602719448764279998415947244014891173:1791324323,0x44c1dfe43260c94ed4f1d00de2e1f80fb113ebc1,aenews2,2026-10-06T22:05:23Z,2026-10-06T22:08:32Z,3.1,Saudi Arabia military action against Yemen on October 1?,Yes,geopolitics,,,0.3448,75.58,copied,0.3475,0.354,0.354,0.0,0.0,282.4859,100.0,0,0,0,,resolved,2026-10-10T00:46:05Z,0.0,-100.0,-1.0,0.0005,2026-10-10T00:40:59Z,-35.35,-34.43,,,,,,,,12628801101588608448015771346685662698857602719448764279998415947244014891173,0xd6f75e5779e98d1fb5f738f4fa0351ed8b01591c8ab9ab502d3b3bdbe4946fb5,saudi-arabia-military-action-against-yemen-on-october-2026,saudi-arabia-military-action-against-yemen-on-october-1
0xb7271c112cbd83eb4c1ef1b554ff963604ae2a9d:114773450645686900598585385155724161475721872073441361194780360114143758378615:1791327860,0xb7271c112cbd83eb4c1ef1b554ff963604ae2a9d,Elaran1993,2026-10-06T23:04:20Z,2026-10-06T23:05:10Z,0.8,Will Goiás EC win on 2026-10-06?,Yes,sports,moneyline,2026-10-06T23:30:00Z,0.5098,6349.9369,copied,0.51,0.52,0.52,0.05,2.3437,187.8005,100.0,0,0,0,,resolved,2026-10-07T03:53:56Z,1.0,87.8005,0.878,0.515,2026-10-06T23:25:54Z,-0.5,0.52,KXBRASILEIROBGAME-26OCT06GGOATH-GGO,yes,Goias,0.51,,win,0.8958,114773450645686900598585385155724161475721872073441361194780360114143758378615,0x4bf48138f58fef352e52ac14212a19e0f0f0257448ba0004e75e1897ff6c6524,bra2-goi-ath-2026-10-06,bra2-goi-ath-2026-10-06-goi
0xb7271c112cbd83eb4c1ef1b554ff963604ae2a9d:49216617005920399834182429191418037015674446834723089399749938315354278596230:1791329497,0xb7271c112cbd83eb4c1ef1b554ff963604ae2a9d,Elaran1993,2026-10-06T23:31:37Z,2026-10-06T23:36:07Z,4.5,"Dana White's Contender Series: Roque Conceição vs. Alexander Chavez (Flyweight, Main Card)",Alexander Chavez,sports,moneyline,2026-10-07T00:00:00Z,0.53,2837.62,copied,0.535,0.54,0.54,0.05,2.2483,181.0217,100.0,0,0,0,,resolved,2026-10-07T00:48:06Z,0.0,-100.0,-1.0,0.535,2026-10-06T23:56:35Z,-0.5,0.5,,,,,no matching Kalshi game,,,49216617005920399834182429191418037015674446834723089399749938315354278596230,0x68f9c4096822765fd00ce0053dbca28e6217f7e61ccbac26e3bcbf3496392537,ufc-roq1-alecha-2026-10-06,ufc-roq1-alecha-2026-10-06
0xb7271c112cbd83eb4c1ef1b554ff963604ae2a9d:101635212508061037456415097142783772492932620584100973451374452942001112541380:1791332528,0xb7271c112cbd83eb4c1ef1b554ff963604ae2a9d,Elaran1993,2026-10-07T00:22:08Z,2026-10-07T00:22:27Z,0.3,"Dana White's Contender Series: Salhahuddin Everett vs. Ozzy Martin (Welterweight, Main Card)",Salhahuddin Everett,sports,moneyline,2026-10-07T00:30:00Z,0.5597,2909.2188,copied,0.55,0.56,0.5614,0.05,2.1459,174.3055,100.0,0,0,0,,resolved,2026-10-07T01:03:29Z,1.0,74.3055,0.7431,0.575,2026-10-07T00:27:36Z,1.36,1.53,,,,,no matching Kalshi game,,,101635212508061037456415097142783772492932620584100973451374452942001112541380,0xc184b51721727b20c9e2a13df6c36784fc89656bf97fb6b0ba119265682d195a,ufc-saleve-ozzmar-2026-10-06,ufc-saleve-ozzmar-2026-10-06
0x361b16e3ddfe1d415d41008daac2631d94ab74fe:85651942404425231501771973176103921923266115946618602977720787253852365114822:1791333389,0x361b16e3ddfe1d415d41008daac2631d94ab74fe,0x361b..74fe,2026-10-07T00:36:29Z,2026-10-07T00:37:51Z,1.4,Argentina vs. Benin: O/U 2.5,Under,sports,totals,2026-10-06T23:00:00Z,0.47,9.79,copied,0.463,0.478,0.479,0.05,2.539,203.4822,100.0,0,0,0,,resolved,2026-10-07T03:33:06Z,0.0,-100.0,-1.0,,,,,KXINTLFRIENDLYTOTAL-26OCT06ARGBEN-3,no,Over 2.5 goals scored,0.5,,loss,-1.0,85651942404425231501771973176103921923266115946618602977720787253852365114822,0x9dbde0d91a670d9a4a18c3628d90971933291a43eb45406d64d0bbaa026b2cd2,fif-arg-ben-2026-10-06-more-markets,fif-arg-ben-2026-10-06-total-2pt5
0x361b16e3ddfe1d415d41008daac2631d94ab74fe:3050573382232068951262875269203404581107399104906043624693173960340899205743:1791333940,0x361b16e3ddfe1d415d41008daac2631d94ab74fe,0x361b..74fe,2026-10-07T00:45:40Z,2026-10-07T00:48:06Z,2.4,Argentina vs. Benin: O/U 1.5,Over,sports,totals,2026-10-06T23:00:00Z,0.91,36.13,copied,0.9,0.91,0.91,0.05,0.448,109.3978,100.0,0,0,0,,resolved,2026-10-07T03:33:06Z,1.0,9.3978,0.094,,,,,KXINTLFRIENDLYTOTAL-26OCT06ARGBEN-2,yes,Over 1.5 goals scored,0.91,,win,0.092,3050573382232068951262875269203404581107399104906043624693173960340899205743,0x78de9b91bde9b601d4bc9b0ae7aa3eec4fc6da21eaa7b26ae90029b7128e19de,fif-arg-ben-2026-10-06-more-markets,fif-arg-ben-2026-10-06-total-1pt5
0x44c1dfe43260c94ed4f1d00de2e1f80fb113ebc1:11503992952139308204857447445934024962225100681836632736281577103600997080423:1791366528,0x44c1dfe43260c94ed4f1d00de2e1f80fb113ebc1,aenews2,2026-10-07T09:48:48Z,2026-10-07T09:53:32Z,4.7,Will Harry Gray win the Nobel Prize in Chemistry in 2026?,No,culture,,,0.983,66.3847,no_book,,,,,,,,,,,,,,,,,,,,,,,,,,,,11503992952139308204857447445934024962225100681836632736281577103600997080423,0x919061fa4718b9439abb0b78e12b5039c2b6f38c1a0e842b4fa5bcce8b4e5d32,nobel-chemistry-prize-winner-2026,will-harry-gray-win-the-nobel-prize-in-chemistry-in-2026
0x44c1dfe43260c94ed4f1d00de2e1f80fb113ebc1:31361916418791894079607443927668005879556287660469630400589242801155699514384:1791366527,0x44c1dfe43260c94ed4f1d00de2e1f80fb113ebc1,aenews2,2026-10-07T09:48:47Z,2026-10-07T09:53:32Z,4.8,Will David Liu win the Nobel Prize in Chemistry in 2026?,No,culture,,,0.9859,728.6775,no_book,,,,,,,,,,,,,,,,,,,,,,,,,,,,31361916418791894079607443927668005879556287660469630400589242801155699514384,0x5a94958a33c73cf57aea7f69504256ffbf166db06f2327329e1ba54a4672b1b5,nobel-chemistry-prize-winner-2026,will-david-liu-win-the-nobel-prize-in-chemistry-in-2026
0x44c1dfe43260c94ed4f1d00de2e1f80fb113ebc1:584440018284854728408667458479750386379642433591809087806041186364278604234:1791366560,0x44c1dfe43260c94ed4f1d00de2e1f80fb113ebc1,aenews2,2026-10-07T09:49:20Z,2026-10-07T09:53:32Z,4.2,Will Makoto Fujita win the Nobel Prize in Chemistry in 2026?,No,culture,,,0.9981,201.616,no_book,,,,,,,,,,,,,,,,,,,,,,,,,,,,584440018284854728408667458479750386379642433591809087806041186364278604234,0xd78d2d5402da43dd3eb2792166137ff19b7290b9b9d166ee5536f9c4ab9c7d43,nobel-chemistry-prize-winner-2026,will-makoto-fujita-win-the-nobel-prize-in-chemistry-in-2026
0x5fdd66ffd0325d4e8d1d86fbec50caa31770a747:65229494277368927372707404415287231671145971620142422939894429717008955975569:1791374306,0x5fdd66ffd0325d4e8d1d86fbec50caa31770a747,juice-fruit,2026-10-07T11:58:26Z,2026-10-07T12:02:54Z,4.5,Counter-Strike: FURIA vs 9z (BO3) - ESL Pro League Group Stage,FURIA,sports,moneyline,2026-10-07T12:00:00Z,0.72,54000.0,copied,0.675,0.68,0.68,0.05,1.5748,144.7429,100.0,0,0,0,,resolved,2026-10-07T14:18:27Z,1.0,44.7429,0.4474,,,,,KXCS2GAME-26OCT0710309ZFURIA-FURIA,yes,FURIA,0.71,,win,0.3804,65229494277368927372707404415287231671145971620142422939894429717008955975569,0x26a514b6dd8172823280bdf5721363dac7e0cf9fa630c20e9b41bc5f2528c3ea,cs2-furia-9z-2026-10-07,cs2-furia-9z-2026-10-07
0x5fdd66ffd0325d4e8d1d86fbec50caa31770a747:48883219960159792083712637987088355440701697138540948699007301981794206632425:1791381419,0x5fdd66ffd0325d4e8d1d86fbec50caa31770a747,juice-fruit,2026-10-07T13:56:59Z,2026-10-07T13:57:21Z,0.4,Counter-Strike: PARIVISION vs Natus Vincere (BO3) - ESL Pro League Group Stage,Natus Vincere,sports,moneyline,2026-10-07T14:30:00Z,0.66,63871.7574,copied,0.665,0.67,0.67,0.05,1.6232,146.831,100.0,0,0,0,,resolved,2026-10-07T18:21:03Z,0.0,-100.0,-1.0,0.665,2026-10-07T14:28:45Z,-0.5,0.5,KXCS2GAME-26OCT071030NAVIPRV-NAVI,yes,Natus Vincere,0.65,,loss,-1.0,48883219960159792083712637987088355440701697138540948699007301981794206632425,0xb4a2d266a6712fe83ce019e661a4d63f53aa16d01bda52bc5bde1695c30ffd9e,cs2-prv-navi-2026-10-07,cs2-prv-navi-2026-10-07
0xcdcccd0f2d86e450d973da415ad2430e5cc7935a:87941208709324076608701351439603068190877392741496257299892025012277338567944:1791388990,0xcdcccd0f2d86e450d973da415ad2430e5cc7935a,joseph00677,2026-10-07T16:03:10Z,2026-10-07T16:07:11Z,4.0,Counter-Strike: PARIVISION vs Natus Vincere - Map 2 Winner,PARIVISION,sports,child_moneyline,2026-10-07T14:30:00Z,0.6121,3795.64,copied,0.595,0.6,0.6048,0.05,1.9377,162.1502,100.0,0,0,0,,resolved,2026-10-07T17:08:41Z,1.0,62.1502,0.6215,,,,,,,,,bet type not mapped to Kalshi,,,87941208709324076608701351439603068190877392741496257299892025012277338567944,0xd6a79be7ff8978f614bf05b45deec74ad4a64526e159f3fdbca5a39eeae73a0d,cs2-prv-navi-2026-10-07,cs2-prv-navi-2026-10-07-game2
0xb7271c112cbd83eb4c1ef1b554ff963604ae2a9d:40766568191683996945821812073381544110058283805620641777810765288524485472067:1791394265,0xb7271c112cbd83eb4c1ef1b554ff963604ae2a9d,Elaran1993,2026-10-07T17:31:05Z,2026-10-07T17:34:39Z,3.6,Will there be a run scored in the first inning?: Cleveland Guardians vs. Chicago White Sox,Yes,sports,nrfi,2026-10-07T20:00:00Z,0.47,1927.3243,copied,0.475,0.48,0.48,0.05,2.5341,203.0539,100.0,0,0,0,,resolved,2026-10-07T20:41:08Z,1.0,103.0539,1.0305,0.465,2026-10-07T19:59:55Z,-1.5,-0.5,KXMLBRFI-26OCT071600CLECWS,yes,Over 0.5 runs,0.48,,win,1.0102,40766568191683996945821812073381544110058283805620641777810765288524485472067,0xd7c06aa45fcbc9745c4020aebdc15ba8b71042035aa66da2fb0b2b7fc87a9fee,mlb-cle-cws-2026-10-07,mlb-cle-cws-2026-10-07-nrfi
0x5fdd66ffd0325d4e8d1d86fbec50caa31770a747:54684446077977065684811089773002216261907192067956346591414433639683076167382:1791395484,0x5fdd66ffd0325d4e8d1d86fbec50caa31770a747,juice-fruit,2026-10-07T17:51:24Z,2026-10-07T17:55:15Z,3.9,Map Handicap: TS (-1.5) vs M80 (+1.5),M80,sports,map_handicap,2026-10-07T18:00:00Z,0.38,38000.0,copied,0.375,0.38,0.38,0.05,3.0068,255.2453,100.0,0,0,0,,resolved,2026-10-07T20:46:15Z,0.0,-100.0,-1.0,0.375,2026-10-07T17:55:15Z,-0.5,-0.5,,,,,bet type not mapped to Kalshi,,,54684446077977065684811089773002216261907192067956346591414433639683076167382,0x0dff9d77778a16b428c341660ecc93d2720973394537b23db870dd44e494b3d5,cs2-ts7-m80-2026-10-07,cs2-ts7-m80-2026-10-07-map-handicap-away-1pt5
0xcdcccd0f2d86e450d973da415ad2430e5cc7935a:32655867461546602143597314665871408952691265316476059392428851803532852987215:1791398116,0xcdcccd0f2d86e450d973da415ad2430e5cc7935a,joseph00677,2026-10-07T18:35:16Z,2026-10-07T18:36:47Z,1.5,Counter-Strike: Spirit vs M80 - Map 2 Winner,M80,sports,child_moneyline,2026-10-07T18:10:00Z,0.2635,5949.66,copied,0.265,0.27,0.27,0.05,3.5215,357.3279,100.0,0,0,0,,resolved,2026-10-07T20:46:15Z,0.0,-100.0,-1.0,,,,,,,,,bet type not mapped to Kalshi,,,32655867461546602143597314665871408952691265316476059392428851803532852987215,0x0d6c75dfdba2dfa11911cc13b28f829431cebaa523950c2bfd70d88d08619efb,cs2-ts7-m80-2026-10-07,cs2-ts7-m80-2026-10-07-game2
0xb7271c112cbd83eb4c1ef1b554ff963604ae2a9d:2126289422741555181182745693774914242240651701932964501632898748076166912272:1791407339,0xb7271c112cbd83eb4c1ef1b554ff963604ae2a9d,Elaran1993,2026-10-07T21:08:59Z,2026-10-07T21:12:07Z,3.1,Will there be a run scored in the first inning?: Tampa Bay Rays vs. New York Yankees,Yes,sports,nrfi,2026-10-08T00:00:00Z,0.46,376.6618,copied,0.465,0.47,0.47,0.05,2.5816,207.2732,100.0,0,0,0,,resolved,2026-10-08T00:38:36Z,0.0,-100.0,-1.0,0.465,2026-10-07T23:57:15Z,-0.5,0.5,KXMLBRFI-26OCT072000TBNYY,yes,Over 0.5 runs,0.46,,loss,-1.0,2126289422741555181182745693774914242240651701932964501632898748076166912272,0xc7fb1e96d1e9aaf2cee8eb33dce4481071b20d739136d2a1c88cb082da6b2f5b,mlb-tb-nyy-2026-10-07,mlb-tb-nyy-2026-10-07-nrfi
0x44c1dfe43260c94ed4f1d00de2e1f80fb113ebc1:39533175088051298593428868048724525473824940199381118314832959003238167060884:1791411507,0x44c1dfe43260c94ed4f1d00de2e1f80fb113ebc1,aenews2,2026-10-07T22:18:27Z,2026-10-07T22:19:06Z,0.7,"Will Donald Trump publicly praise Kevin Warsh by October 31, 2026?",Yes,politics,,,0.9627,158.85,copied,0.97,0.98,0.9864,0.05,0.0678,101.3093,100.0,0,0,0,,resolved,2026-10-08T06:18:45Z,1.0,1.3093,0.0131,0.9995,2026-10-08T06:13:35Z,1.31,3.68,,,,,,,,39533175088051298593428868048724525473824940199381118314832959003238167060884,0xc5f61c018346213b12c7cb984e615e7228f33e2acf95dd389ef4f1b4a6baf51e,who-will-trump-publicly-praise-by-october-31-2026,will-donald-trump-publicly-praise-kevin-warsh-by-october-31-2026
0x44c1dfe43260c94ed4f1d00de2e1f80fb113ebc1:75648553599758807820760400986240186978327005811004242427218252697572451485336:1791451983,0x44c1dfe43260c94ed4f1d00de2e1f80fb113ebc1,aenews2,2026-10-08T09:33:03Z,2026-10-08T09:35:12Z,2.1,Will Donald Trump win the Nobel Peace Prize in 2026?,No,geopolitics,,,0.992,6330.5112,priced_out,0.9935,0.994,,0.05,,,,,,,,,,,,,,,,,,,,,,,,75648553599758807820760400986240186978327005811004242427218252697572451485336,0x962e5b226a77266ab429029ee04665e8fcfeb10b91af593786ceab871d2e945f,nobel-peace-prize-winner-2026-139,will-donald-trump-win-the-nobel-peace-prize-in-2026-382
0x5fdd66ffd0325d4e8d1d86fbec50caa31770a747:38990742602994384515183996759123577858063362637867451350571388346996663382227:1791474806,0x5fdd66ffd0325d4e8d1d86fbec50caa31770a747,juice-fruit,2026-10-08T15:53:26Z,2026-10-08T15:58:13Z,4.8,Will Kuopion Palloseura win on 2026-10-08?,Yes,sports,moneyline,2026-10-08T16:00:00Z,0.64,8087.4752,copied,0.655,0.66,0.66,0.05,1.6716,148.9824,100.0,0,0,0,,resolved,2026-10-08T20:00:01Z,0.0,-100.0,-1.0,0.645,2026-10-08T15:58:13Z,-1.5,0.5,,,,,no matching Kalshi game,,,38990742602994384515183996759123577858063362637867451350571388346996663382227,0xcb5d2821329104ff1485f60787ad3821de03e7623962f3222800313b9cb61111,fin1-kups-aco-2026-10-08,fin1-kups-aco-2026-10-08-kups
0x5fdd66ffd0325d4e8d1d86fbec50caa31770a747:90288205197649401425170005675107511581789744987913135763091655322029582483861:1791475193,0x5fdd66ffd0325d4e8d1d86fbec50caa31770a747,juice-fruit,2026-10-08T15:59:53Z,2026-10-08T16:03:21Z,3.5,Kuopion Palloseura vs. AC Oulu: O/U 2.5,Over,sports,totals,2026-10-08T16:00:00Z,0.5096,5096.18,copied,0.505,0.52,0.5369,0.05,1.8068,147.68,81.1004,0,0,0,,resolved,2026-10-08T19:54:54Z,0.0,-81.1004,-1.0,,,,,,,,,no matching Kalshi game,,,90288205197649401425170005675107511581789744987913135763091655322029582483861,0x0a451e19315d6b6787a3a92537a3e69792adbb9a31bc0496e210af931049c292,fin1-kups-aco-2026-10-08-more-markets,fin1-kups-aco-2026-10-08-total-2pt5
0x44c1dfe43260c94ed4f1d00de2e1f80fb113ebc1:15184011858882201080192067916784584675160091054708648269252705710321522459858:1791489752,0x44c1dfe43260c94ed4f1d00de2e1f80fb113ebc1,aenews2,2026-10-08T20:02:32Z,2026-10-08T20:05:08Z,2.6,"Will Trump say ""AI"" or ""Artificial Intelligence"" during his Science Summit remarks?",Yes,politics,,2026-10-08T17:30:00Z,0.9683,1144.3526,copied,0.9785,0.989,0.9897,0.04,0.0412,100.9988,100.0,0,0,0,,resolved,2026-10-08T21:18:11Z,1.0,0.9988,0.01,,,,,,,,,,,,15184011858882201080192067916784584675160091054708648269252705710321522459858,0x090ba2b6ecced6ae75c1537bf2a5648798611d725020a251878ebb3c39dcd70d,what-will-trump-say-during-his-science-summit-remarks-october-8,will-trump-say-ai-during-his-science-summit-remarks-october-8
0x44c1dfe43260c94ed4f1d00de2e1f80fb113ebc1:42071576944649653386808436328659912686152449101731792166671109971516856047741:1791496691,0x44c1dfe43260c94ed4f1d00de2e1f80fb113ebc1,aenews2,2026-10-08T21:58:11Z,2026-10-08T21:59:39Z,1.5,Will Sudan's Emergency Response Rooms win the Nobel Peace Prize in 2026?,No,geopolitics,,,0.8414,4349.91,copied,0.844,0.845,0.845,0.05,0.769,117.4331,100.0,0,0,0,,resolved,2026-10-09T12:12:22Z,1.0,17.4331,0.1743,0.9995,2026-10-09T12:07:17Z,15.45,15.81,,,,,,,,42071576944649653386808436328659912686152449101731792166671109971516856047741,0xf43c1ec924a35e1f55453c31b662ea65e623ca9d21aeec1b2af24844567f15c9,nobel-peace-prize-winner-2026-139,will-sudans-emergency-response-rooms-win-the-nobel-peace-prize-in-2026
0xb7271c112cbd83eb4c1ef1b554ff963604ae2a9d:78784664023928480543675990945961121271844162743637959731302155760153597659347:1791500243,0xb7271c112cbd83eb4c1ef1b554ff963604ae2a9d,Elaran1993,2026-10-08T22:57:23Z,2026-10-08T23:01:40Z,4.3,Spread: Appalachian State (-9.5),Appalachian State,sports,spreads,2026-10-10T17:00:00Z,0.51,21652.1316,copied,0.515,0.52,0.52,0.03,1.4196,189.5778,100.0,0,0,0,,open,,,,,0.505,2026-10-10T16:54:36Z,-1.5,-0.5,KXNCAAFSPREAD-26OCT10ODUAPP-APP10,yes,Appalachian St. wins by over 9.5 points,0.52,,,,78784664023928480543675990945961121271844162743637959731302155760153597659347,0xffb6d3b8767ea6ca3ab3ae736d2ec916699c0561616f25f42c8adc973baa496d,cfb-old-applst-2026-10-10,cfb-old-applst-2026-10-10-spread-home-9pt5
0x44c1dfe43260c94ed4f1d00de2e1f80fb113ebc1:3494130919441794744300504897798612438496650716124466384425423765833752918969:1791503444,0x44c1dfe43260c94ed4f1d00de2e1f80fb113ebc1,aenews2,2026-10-08T23:50:44Z,2026-10-08T23:53:19Z,2.6,Will Yulia Navalnaya win the Nobel Peace Prize in 2026?,Yes,geopolitics,,,0.3965,4987.5562,copied,0.429,0.434,0.434,0.05,2.7521,224.0735,100.0,224.0735,44.2315,1,2026-10-09T01:21:41Z,sold,2026-10-09T01:25:50Z,0.0,-55.7685,-0.5577,0.2095,2026-10-09T01:25:50Z,-22.45,-18.7,,,,,,,,3494130919441794744300504897798612438496650716124466384425423765833752918969,0xae76ef049f09b109cfb0a9bfa2335d7c9fde5bd262c64548b43308c810c314ec,nobel-peace-prize-winner-2026-139,will-yulia-navalnaya-win-the-nobel-peace-prize-in-2026-261
0x44c1dfe43260c94ed4f1d00de2e1f80fb113ebc1:113860439310209834379650305681784267754566328071884567820308690850948160355731:1791505452,0x44c1dfe43260c94ed4f1d00de2e1f80fb113ebc1,aenews2,2026-10-09T00:24:12Z,2026-10-09T00:29:07Z,4.9,Will Sudan's Emergency Response Rooms win the Nobel Peace Prize in 2026?,Yes,geopolitics,,,0.051,2.2088,too_small,,,,,,,,,,,,,,,,,,,,,,,,,,,,113860439310209834379650305681784267754566328071884567820308690850948160355731,0xf43c1ec924a35e1f55453c31b662ea65e623ca9d21aeec1b2af24844567f15c9,nobel-peace-prize-winner-2026-139,will-sudans-emergency-response-rooms-win-the-nobel-peace-prize-in-2026
0x44c1dfe43260c94ed4f1d00de2e1f80fb113ebc1:28096161697269491739201577018265114286225290564353204301878588204336630210171:1791511709,0x44c1dfe43260c94ed4f1d00de2e1f80fb113ebc1,aenews2,2026-10-09T02:08:29Z,2026-10-09T02:12:06Z,3.6,Will Yulia Navalnaya win the Nobel Peace Prize in 2026?,No,geopolitics,,,0.8017,4042.5247,copied,0.8155,0.824,0.824,0.05,0.8723,120.3006,100.0,0,0,0,,resolved,2026-10-09T12:12:22Z,1.0,20.3006,0.203,0.9995,2026-10-09T12:07:17Z,17.55,19.78,,,,,,,,28096161697269491739201577018265114286225290564353204301878588204336630210171,0xae76ef049f09b109cfb0a9bfa2335d7c9fde5bd262c64548b43308c810c314ec,nobel-peace-prize-winner-2026-139,will-yulia-navalnaya-win-the-nobel-peace-prize-in-2026-261
0x44c1dfe43260c94ed4f1d00de2e1f80fb113ebc1:3494130919441794744300504897798612438496650716124466384425423765833752918969:1791529401,0x44c1dfe43260c94ed4f1d00de2e1f80fb113ebc1,aenews2,2026-10-09T07:03:21Z,2026-10-09T07:07:27Z,4.1,Will Yulia Navalnaya win the Nobel Peace Prize in 2026?,Yes,geopolitics,,,0.4185,12937.2568,copied,0.465,0.468,0.4689,0.05,2.5866,207.7288,100.0,0,0,0,,resolved,2026-10-09T12:12:22Z,0.0,-100.0,-1.0,0.0005,2026-10-09T12:07:17Z,-46.84,-41.8,,,,,,,,3494130919441794744300504897798612438496650716124466384425423765833752918969,0xae76ef049f09b109cfb0a9bfa2335d7c9fde5bd262c64548b43308c810c314ec,nobel-peace-prize-winner-2026-139,will-yulia-navalnaya-win-the-nobel-peace-prize-in-2026-261
0x44c1dfe43260c94ed4f1d00de2e1f80fb113ebc1:22282946753471180996951916561635113155667407259180470755742309951524502183635:1791532437,0x44c1dfe43260c94ed4f1d00de2e1f80fb113ebc1,aenews2,2026-10-09T07:53:57Z,2026-10-09T07:53:57Z,0.0,Will Mykola Kuleba win the Nobel Peace Prize in 2026?,No,geopolitics,,,0.712,98.7854,copied,0.727,0.74,0.7606,0.05,1.1801,129.9299,100.0,0,0,0,,resolved,2026-10-09T12:12:22Z,1.0,29.9299,0.2993,0.9995,2026-10-09T12:07:17Z,23.89,28.75,,,,,,,,22282946753471180996951916561635113155667407259180470755742309951524502183635,0x440ec613aa13e92aa422fd0e458a9a73b723e5dcbfb3baa434e0f4f63e856baa,nobel-peace-prize-winner-2026-139,will-mykola-kuleba-win-the-nobel-peace-prize-in-2026
0x44c1dfe43260c94ed4f1d00de2e1f80fb113ebc1:100825934865672220288878913199795346535221985257911240162629731201658697455767:1791536497,0x44c1dfe43260c94ed4f1d00de2e1f80fb113ebc1,aenews2,2026-10-09T09:01:37Z,2026-10-09T09:06:00Z,4.4,Will the International Court of Justice win the Nobel Peace Prize in 2026?,No,geopolitics,,,0.995,199.0,priced_out,0.9905,0.991,,0.05,,,,,,,,,,,,,,,,,,,,,,,,100825934865672220288878913199795346535221985257911240162629731201658697455767,0x36081a32ac369bad207447fa2bc5d6d663fb576e935178a4a297931ec571f5d1,nobel-peace-prize-winner-2026-139,will-the-international-court-of-justice-win-the-nobel-peace-prize-in-2026-885
0x5fdd66ffd0325d4e8d1d86fbec50caa31770a747:57801113722438856816315062936200416184833087012806535619452749456950778545859:1791552177,0x5fdd66ffd0325d4e8d1d86fbec50caa31770a747,juice-fruit,2026-10-09T13:22:57Z,2026-10-09T13:24:41Z,1.7,Counter-Strike: FURIA vs MOUZ (BO3) - ESL Pro League Playoffs,MOUZ,sports,moneyline,2026-10-09T13:30:00Z,0.59,108164.9419,copied,0.585,0.59,0.59,0.05,2.0088,166.0867,100.0,49.1189,49.0673,1,2026-10-09T16:13:38Z,part sold+resolved,2026-10-09T16:46:22Z,1.0,66.0351,0.6604,0.585,2026-10-09T13:25:14Z,-0.5,-0.5,KXCS2GAME-26OCT090930MOUZFURIA-MOUZ,yes,MOUZ,0.59,,win,0.6476,57801113722438856816315062936200416184833087012806535619452749456950778545859,0x2bc93d807c96538e546ead4ec53d53ca93c5b05080d263811d165fd0feb7449f,cs2-furia-mouz-2026-10-09,cs2-furia-mouz-2026-10-09
0x361b16e3ddfe1d415d41008daac2631d94ab74fe:93434881442327793720623512799199448616549309330963910751319491490601110480513:1791557160,0x361b16e3ddfe1d415d41008daac2631d94ab74fe,0x361b..74fe,2026-10-09T14:46:00Z,2026-10-09T14:48:01Z,2.0,Seinajoen JK vs. FC Lahti: O/U 2.5,Under,sports,totals,2026-10-09T15:00:00Z,0.43,162.33,copied,0.425,0.43,0.43,0.05,2.771,226.1139,100.0,0,0,0,,resolved,2026-10-09T19:00:35Z,1.0,126.1139,1.2611,0.435,2026-10-09T14:58:16Z,0.5,0.5,,,,,no matching Kalshi game,,,93434881442327793720623512799199448616549309330963910751319491490601110480513,0x9f53479e350b54a5102086c6b8f1d84efcb29c3cc937bf8f99c64298af1fa631,fin1-sei-lah-2026-10-09-more-markets,fin1-sei-lah-2026-10-09-total-2pt5
0x5fdd66ffd0325d4e8d1d86fbec50caa31770a747:52538784910927017856130917556329158068345255120998918079109909501071194998786:1791562751,0x5fdd66ffd0325d4e8d1d86fbec50caa31770a747,juice-fruit,2026-10-09T16:19:11Z,2026-10-09T16:20:51Z,1.7,Counter-Strike: Team Falcons vs Spirit (BO3) - ESL Pro League Playoffs,Team Falcons,sports,moneyline,2026-10-09T16:30:00Z,0.42,9419.9952,copied,0.425,0.43,0.43,0.05,2.771,226.1139,100.0,0,0,0,,resolved,2026-10-09T19:42:01Z,0.0,-100.0,-1.0,0.415,2026-10-09T16:25:57Z,-1.5,-0.5,KXCS2GAME-26OCT091200TSFAL-FAL,yes,Team Falcons,0.43,,loss,-1.0,52538784910927017856130917556329158068345255120998918079109909501071194998786,0x363c38f38536398ea3eab5f57bef48fded8c3291934060346e717f2738805e8f,cs2-fal2-ts7-2026-10-09,cs2-fal2-ts7-2026-10-09
0x361b16e3ddfe1d415d41008daac2631d94ab74fe:43537126385893351072390720015870672945797698808814419994054673331916219758134:1791565200,0x361b16e3ddfe1d415d41008daac2631d94ab74fe,0x361b..74fe,2026-10-09T17:00:00Z,2026-10-09T17:02:03Z,2.0,Spread: Viking FK (-1.5),SK Brann,sports,spreads,2026-10-09T17:00:00Z,0.66,25.44,copied,0.65,0.67,0.6893,0.05,1.5269,142.8495,100.0,0,0,0,,resolved,2026-10-09T21:04:23Z,0.0,-100.0,-1.0,,,,,,,,,no matching Kalshi game,,,43537126385893351072390720015870672945797698808814419994054673331916219758134,0xc602a3386c1a131b0f03586af17e4412b1d8fc2231b30f42503e94294c478345,nor-bra-vik-2026-10-09-more-markets,nor-bra-vik-2026-10-09-spread-away-1pt5
0x5fdd66ffd0325d4e8d1d86fbec50caa31770a747:55266332875179137451161790835892616927945328981443796957945308859304567729039:1791568712,0x5fdd66ffd0325d4e8d1d86fbec50caa31770a747,juice-fruit,2026-10-09T17:58:32Z,2026-10-09T17:58:36Z,0.1,Will BV Borussia 09 Dortmund win on 2026-10-09?,Yes,sports,moneyline,2026-10-09T18:30:00Z,0.72,129684.816,copied,0.715,0.72,0.72,0.05,1.3807,136.9713,100.0,0,0,0,,resolved,2026-10-09T20:48:59Z,0.0,-100.0,-1.0,0.715,2026-10-09T18:29:22Z,-0.5,-0.5,KXBUNDESLIGAGAME-26OCT09BVBSVW-BVB,yes,Dortmund,0.73,,loss,-1.0,55266332875179137451161790835892616927945328981443796957945308859304567729039,0xae8820d0ac2ebc30ddff96ea38b29d63fed516ad68d05c2e5c4cf5baffd9c40a,bun-dor-wer-2026-10-09,bun-dor-wer-2026-10-09-dor
0x361b16e3ddfe1d415d41008daac2631d94ab74fe:20550837061007479151031967458109425872025946862902746006114222923124934328848:1791568853,0x361b16e3ddfe1d415d41008daac2631d94ab74fe,0x361b..74fe,2026-10-09T18:00:53Z,2026-10-09T18:03:43Z,2.8,Will Al Diraiyah Saudi Club win on 2026-10-09?,No,sports,moneyline,2026-10-09T18:00:00Z,0.86,5.05,copied,0.855,0.86,0.86,0.05,0.6951,115.4708,100.0,0,0,0,,resolved,2026-10-09T22:11:38Z,1.0,15.4708,0.1547,,,,,,,,,no matching Kalshi game,,,20550837061007479151031967458109425872025946862902746006114222923124934328848,0xb793ec453f244226ee297c9885bdf8a919c0cbc090d9797a1b41070ddd342494,spl-nsr-dir-2026-10-09,spl-nsr-dir-2026-10-09-dir
0x361b16e3ddfe1d415d41008daac2631d94ab74fe:77780975364292697733889938623895326735646735498223014527644328859655248962868:1791568765,0x361b16e3ddfe1d415d41008daac2631d94ab74fe,0x361b..74fe,2026-10-09T17:59:25Z,2026-10-09T18:03:43Z,4.3,Will SC Heerenveen win on 2026-10-09?,No,sports,moneyline,2026-10-09T18:00:00Z,0.9,5.83,copied,0.885,0.89,0.89,0.05,0.547,111.745,100.0,0,0,0,,resolved,2026-10-09T22:06:31Z,1.0,11.745,0.1175,,,,,KXEREDIVISIEGAME-26OCT09PSVHEE-HEE,no,Heerenveen,0.89,,win,0.115,77780975364292697733889938623895326735646735498223014527644328859655248962868,0x882f2b6092b289071a30f645709610498c892116cd80de6f243452d988d407ba,ere-psv-her1-2026-10-09,ere-psv-her1-2026-10-09-her1
0xe5b70fd855af9258d9463992e4f1ed7987905ee3:12103273805810484360845694020671098795827178424236404727167012597564214304172:1791574829,0xe5b70fd855af9258d9463992e4f1ed7987905ee3,alwaysfade,2026-10-09T19:40:29Z,2026-10-09T19:42:01Z,1.5,Spread: Indiana (-7.5),Nebraska,sports,spreads,2026-10-10T16:00:00Z,0.49,1200.5,copied,0.495,0.5,0.5,0.03,1.4778,197.0443,100.0,0,0,0,,open,,,,,0.465,2026-10-10T15:57:24Z,-3.5,-2.5,KXNCAAFSPREAD-26OCT10INDNEB-IND8,no,Indiana wins by over 7.5 points,0.5,,,,12103273805810484360845694020671098795827178424236404727167012597564214304172,0x8ec72a83263c455f17326a1b933c281293cd9e31672d049111f12c79fee0d739,cfb-ind-nebr-2026-10-10,cfb-ind-nebr-2026-10-10-spread-away-7pt5
0xb7271c112cbd83eb4c1ef1b554ff963604ae2a9d:12353353307273335949242325603886010652485236612172945171214583998578547304779:1791580613,0xb7271c112cbd83eb4c1ef1b554ff963604ae2a9d,Elaran1993,2026-10-09T21:16:53Z,2026-10-09T21:20:04Z,3.2,Spread: Bulls (-3.5),Grizzlies,sports,spreads,2026-10-10T00:00:00Z,0.53,3511.3083,copied,0.545,0.55,0.55,0.05,2.2005,177.8173,100.0,0,0,0,,resolved,2026-10-10T02:59:25Z,1.0,77.8173,0.7782,0.545,2026-10-09T23:59:56Z,-0.5,1.5,KXNBASPREAD-26OCT09MEMCHI-MEM4,no,Memphis wins by over 3.5 points,0.65,,loss,-1.0,12353353307273335949242325603886010652485236612172945171214583998578547304779,0xa631707360dbfb5811e88643c2ad3552bfd9301c2e411c1654502f3af4216e8d,nba-mem-chi-2026-10-09,nba-mem-chi-2026-10-09-spread-home-3pt5
0xe5b70fd855af9258d9463992e4f1ed7987905ee3:48744388765887989732335272000140249846478105712751565177326258702574401628695:1791582881,0xe5b70fd855af9258d9463992e4f1ed7987905ee3,alwaysfade,2026-10-09T21:54:41Z,2026-10-09T21:55:55Z,1.2,Chicago White Sox vs. Cleveland Guardians: O/U 7.5,Under,sports,totals,2026-10-11T00:00:00Z,0.53,6.7351,copied,0.535,0.54,0.54,0.05,2.2483,181.0217,100.0,0,0,0,,open,,,,,0.535,2026-10-10T16:54:36Z,-0.5,0.5,KXMLBTOTAL-26OCT102000CWSCLE-8,no,Over 7.5 runs scored,0.55,,,,48744388765887989732335272000140249846478105712751565177326258702574401628695,0xa88dd9a285ddf8ba0f9cc079f45ff9768c1662bdd028bccfe26493b0df4cdb6e,mlb-cws-cle-2026-10-10,mlb-cws-cle-2026-10-10-total-7pt5
0xb7271c112cbd83eb4c1ef1b554ff963604ae2a9d:12593324083320871984019589888418910686271605475139385318475536870668046079427:1791584984,0xb7271c112cbd83eb4c1ef1b554ff963604ae2a9d,Elaran1993,2026-10-09T22:29:44Z,2026-10-09T22:32:07Z,2.4,"UFC Fight Night: Melissa Gatto vs. Ernesta Kareckaite (Women's Flyweight, Prelims)",Melissa Gatto,sports,moneyline,2026-10-10T21:00:00Z,0.52,5370.5288,copied,0.525,0.53,0.53,0.05,2.296,184.3471,100.0,0,0,0,,open,,,,,0.525,2026-10-10T16:54:36Z,-0.5,0.5,,,,,no matching Kalshi game,,,12593324083320871984019589888418910686271605475139385318475536870668046079427,0x49b1e1afefb178d61b93a2a3cb3a7b7595092a052651c9dc021418c83042d6b7,ufc-mel1-ern2-2026-10-10,ufc-mel1-ern2-2026-10-10
0xb7271c112cbd83eb4c1ef1b554ff963604ae2a9d:14736604012345111015867688243289717182827461218674256507100524095064656482540:1791585689,0xb7271c112cbd83eb4c1ef1b554ff963604ae2a9d,Elaran1993,2026-10-09T22:41:29Z,2026-10-09T22:42:24Z,0.9,Spread: Western Michigan (-13.5),Western Michigan,sports,spreads,2026-10-10T19:30:00Z,0.5389,538.8546,copied,0.53,0.54,0.54,0.03,1.3612,182.6644,100.0,0,0,0,,open,,,,,0.535,2026-10-10T16:54:36Z,-0.5,-0.39,KXNCAAFSPREAD-26OCT10KENTWMU-WMU14,yes,Western Michigan wins by over 13.5 points,0.53,,,,14736604012345111015867688243289717182827461218674256507100524095064656482540,0xa5ff8f51c421b877ba4adee33b7c9dfca6480892338466c9655aa5a0c5b4cc3d,cfb-kentst-wmich-2026-10-10,cfb-kentst-wmich-2026-10-10-spread-home-13pt5
0xb7271c112cbd83eb4c1ef1b554ff963604ae2a9d:77287673345513506545684346405516128967298767119141621728688751652260990895392:1791592951,0xb7271c112cbd83eb4c1ef1b554ff963604ae2a9d,Elaran1993,2026-10-10T00:42:31Z,2026-10-10T00:46:05Z,3.6,Club Puebla vs. Club León FC: O/U 2.5,Over,sports,totals,2026-10-10T01:00:00Z,0.51,879.75,copied,0.515,0.52,0.52,0.05,2.3437,187.8005,100.0,0,0,0,,resolved,2026-10-10T05:02:53Z,0.0,-100.0,-1.0,0.515,2026-10-10T00:56:18Z,-0.5,0.5,KXLIGAMXTOTAL-26OCT09PUELEO-3,yes,Over 2.5 goals scored,0.51,,loss,-1.0,77287673345513506545684346405516128967298767119141621728688751652260990895392,0xcffcc49dfe5d4267d669e204ae96d73576e7fd1afab514cfd1db8d868184f59c,mex-pue-leo-2026-10-09-more-markets,mex-pue-leo-2026-10-09-total-2pt5
0xe5b70fd855af9258d9463992e4f1ed7987905ee3:35462213876256907892076456990335346254587263458347261962346017651962023674738:1791606655,0xe5b70fd855af9258d9463992e4f1ed7987905ee3,alwaysfade,2026-10-10T04:30:55Z,2026-10-10T04:31:52Z,0.9,Spread: Indiana (-8.5),Nebraska,sports,spreads,2026-10-10T16:00:00Z,0.51,1135.9587,copied,0.51,0.52,0.52,0.03,1.4196,189.5778,100.0,0,0,0,,open,,,,,0.505,2026-10-10T15:57:24Z,-1.5,-0.5,,,,,"no 8.5 line on Kalshi (has 1.5, 2.5, 3.5, 4.5, 5.5, 6.5, 7.5, 9.5, 10.5, 11.5, 13.5, 14.5, 16.5, 17.5, 20.5, 21.5, 23.5, 24.5, 27.5)",,,35462213876256907892076456990335346254587263458347261962346017651962023674738,0xb73cc4fae13d499190ddc112c69bd4a4648e4db7283152b015947a8acf11f428,cfb-ind-nebr-2026-10-10,cfb-ind-nebr-2026-10-10-spread-away-8pt5
0x7b6c6d1279098054b0c630a4b871002a7cd46305:75240280618825484447347893178181852801240341710088226905590341827108155715318:1791607587,0x7b6c6d1279098054b0c630a4b871002a7cd46305,eschaworldchampion2026,2026-10-10T04:46:27Z,2026-10-10T04:47:12Z,0.8,Valorant: NRG vs LOUD (BO3) - VCT Champions Playoffs,LOUD,sports,moneyline,2026-10-10T09:00:00Z,0.42,179.7677,copied,0.425,0.43,0.43,0.05,2.771,226.1139,100.0,0,0,0,,resolved,2026-10-10T12:00:45Z,1.0,126.1139,1.2611,0.425,2026-10-10T08:59:07Z,-0.5,0.5,,,,,no matching Kalshi game,,,75240280618825484447347893178181852801240341710088226905590341827108155715318,0x09044264f9a155e37aca75ba1caf5bbbd2a549d90d11af14f74cfecea4ac359b,val-nrg-loud-2026-10-10,val-nrg-loud-2026-10-10
0x7b6c6d1279098054b0c630a4b871002a7cd46305:104948962870961524105978035461078888385924219572954889350355761486753511874764:1791613980,0x7b6c6d1279098054b0c630a4b871002a7cd46305,eschaworldchampion2026,2026-10-10T06:33:00Z,2026-10-10T06:35:16Z,2.3,Dota 2: Team Yandex vs Team Spirit (BO3) - BLAST Slam Playoffs,Team Yandex,sports,moneyline,2026-10-10T10:30:00Z,0.62,27892.8762,copied,0.625,0.63,0.63,0.05,1.8164,155.847,100.0,0,0,0,,resolved,2026-10-10T13:22:57Z,1.0,55.847,0.5585,0.635,2026-10-10T10:27:28Z,0.5,1.5,,,,,no matching Kalshi game,,,104948962870961524105978035461078888385924219572954889350355761486753511874764,0x7ec5146f5789734f808d4cf9ece5e742962c7ef6c03dda487e5cb40ec4fa99bd,dota2-ty-ts8-2026-10-10,dota2-ty-ts8-2026-10-10
0x7b6c6d1279098054b0c630a4b871002a7cd46305:17928046738615226117786576570493398821348525157109582427857538823926837362064:1791615670,0x7b6c6d1279098054b0c630a4b871002a7cd46305,eschaworldchampion2026,2026-10-10T07:01:10Z,2026-10-10T07:06:10Z,5.0,Dota 2: PARIVISION vs Aurora (BO3) - BLAST Slam Playoffs,Aurora,sports,moneyline,2026-10-10T14:00:00Z,0.23,2.7945,too_small,,,,,,,,,,,,,,,,,,,,,,,,,,,,17928046738615226117786576570493398821348525157109582427857538823926837362064,0x2b1a4bb97388b5fdba1653fcd56002410b433ca77a13108415875ad963049890,dota2-pari-aur1-2026-10-10,dota2-pari-aur1-2026-10-10
0x7b6c6d1279098054b0c630a4b871002a7cd46305:16694883836065788631261841112703250346996204437644369818214019116048629195896:1791619944,0x7b6c6d1279098054b0c630a4b871002a7cd46305,eschaworldchampion2026,2026-10-10T08:12:24Z,2026-10-10T08:12:55Z,0.5,Counter-Strike: Aurora Gaming vs Vitality (BO3) - ESL Pro League Playoffs,Aurora Gaming,sports,moneyline,2026-10-10T13:45:00Z,0.23,169.0316,copied,0.235,0.24,0.24,0.05,3.6609,401.413,100.0,0,0,0,,open,,,,,0.235,2026-10-10T13:43:37Z,-0.5,0.5,KXCS2GAME-26OCT100945VITAUR-AUR,yes,Aurora Gaming,0.24,,,,16694883836065788631261841112703250346996204437644369818214019116048629195896,0xfe14f91781fcc4aaf56763672231bd42da0c0d7b0e26e25f5ad3acbd31d864aa,cs2-aur1-vit-2026-10-10,cs2-aur1-vit-2026-10-10
0x7b6c6d1279098054b0c630a4b871002a7cd46305:37857438890619902473635259156108295967114533300549125186172858107074539873875:1791624705,0x7b6c6d1279098054b0c630a4b871002a7cd46305,eschaworldchampion2026,2026-10-10T09:31:45Z,2026-10-10T09:35:31Z,3.8,Counter-Strike: HOTU vs fnatic (BO3) - 1win Private Club #2: Closed Qualifier Playoffs,HOTU,sports,moneyline,2026-10-10T10:00:00Z,0.49,25098.1332,copied,0.485,0.49,0.4941,0.05,2.4669,197.3966,100.0,0,0,0,,resolved,2026-10-10T13:33:25Z,0.0,-100.0,-1.0,0.495,2026-10-10T09:56:17Z,0.09,0.5,KXCS2GAME-26OCT100600FNCHOTU-HOTU,yes,HOTU,0.48,,loss,-1.0,37857438890619902473635259156108295967114533300549125186172858107074539873875,0x7b9ee9692401ae4dcec2c981b3c388a709b26063535a7168a6e582640cb6e16e,cs2-hotu-fnc-2026-10-10,cs2-hotu-fnc-2026-10-10
0x0f6f76ced62a911bccef92f50faaff143854d977:69983812871438379658776347656195488575171100778752859476451169640554345203547:1791631822,0x0f6f76ced62a911bccef92f50faaff143854d977,totoro3miyazaki,2026-10-10T11:30:22Z,2026-10-10T11:34:40Z,4.3,Will Athletic Club win on 2026-10-10?,Yes,sports,moneyline,2026-10-10T12:00:00Z,0.38,50453.797,copied,0.395,0.4,0.4,0.05,2.9126,242.7184,100.0,0,0,0,,open,,,,,0.395,2026-10-10T11:55:38Z,-0.5,1.5,,,,,no matching Kalshi game,,,69983812871438379658776347656195488575171100778752859476451169640554345203547,0x3e4d20cb627ab0bcfab0e7fb48753765b3436dd121999befd2596572a6d2dc36,lal-ray-bil-2026-10-10,lal-ray-bil-2026-10-10-bil
0x7b6c6d1279098054b0c630a4b871002a7cd46305:39560880157001849802495123571090138088908437895635305092867569179663226869116:1791632454,0x7b6c6d1279098054b0c630a4b871002a7cd46305,eschaworldchampion2026,2026-10-10T11:40:54Z,2026-10-10T11:45:00Z,4.1,Map Handicap: VIT (-1.5) vs Aurora Gaming (+1.5),Aurora Gaming,sports,map_handicap,2026-10-10T13:45:00Z,0.52,3207.0831,copied,0.525,0.53,0.53,0.05,2.296,184.3471,100.0,0,0,0,,open,,,,,0.525,2026-10-10T13:43:37Z,-0.5,0.5,,,,,bet type not mapped to Kalshi,,,39560880157001849802495123571090138088908437895635305092867569179663226869116,0xa2cf3ce5e82d2b38a65db4aad401dd90999d1daf296459ae0b3eb12bcf9c48cc,cs2-aur1-vit-2026-10-10,cs2-aur1-vit-2026-10-10-map-handicap-home-1pt5
0x361b16e3ddfe1d415d41008daac2631d94ab74fe:6196370717086662832841180787177246932488709900309637433541484259167498549872:1791633030,0x361b16e3ddfe1d415d41008daac2631d94ab74fe,0x361b..74fe,2026-10-10T11:50:30Z,2026-10-10T11:50:31Z,0.0,Will Arsenal FC vs. Leeds United FC end in a draw?,Yes,sports,moneyline,2026-10-10T11:30:00Z,0.24,3.59,too_small,,,,,,,,,,,,,,,,,,,,,,,,,,,,6196370717086662832841180787177246932488709900309637433541484259167498549872,0x42e69c6f5838c420246a5c060f4c6b08dccc01e2b9bd9fe870a7d55ec5ddda89,epl-ars-lee-2026-10-10,epl-ars-lee-2026-10-10-draw
0x361b16e3ddfe1d415d41008daac2631d94ab74fe:72686484507147067234492748849680356140978499551259720216031319904924177509714:1791633448,0x361b16e3ddfe1d415d41008daac2631d94ab74fe,0x361b..74fe,2026-10-10T11:57:28Z,2026-10-10T12:00:45Z,3.3,Will FC Nantes win on 2026-10-10?,Yes,sports,moneyline,2026-10-10T12:00:00Z,0.44,286.52,copied,0.43,0.44,0.4485,0.05,2.6834,216.9866,100.0,0,0,0,,resolved,2026-10-10T15:57:24Z,0.0,-100.0,-1.0,,,,,,,,,no matching Kalshi game,,,72686484507147067234492748849680356140978499551259720216031319904924177509714,0xc8ac779a16e029b22f895b0a5a50e42f527beb846f2fa9b4012dc441bcc13842,fr2-nan-rei-2026-10-10,fr2-nan-rei-2026-10-10-nan
0x361b16e3ddfe1d415d41008daac2631d94ab74fe:52728805072289319153728843007277351534012972248695187944017992734572818854490:1791634237,0x361b16e3ddfe1d415d41008daac2631d94ab74fe,0x361b..74fe,2026-10-10T12:10:37Z,2026-10-10T12:11:03Z,0.4,Will Leeds United FC win on 2026-10-10?,No,sports,moneyline,2026-10-10T11:30:00Z,0.85,11.69,copied,0.855,0.86,0.86,0.05,0.6951,115.4708,100.0,0,0,0,,resolved,2026-10-10T13:53:50Z,1.0,15.4708,0.1547,,,,,KXEPLGAME-26OCT10ARSLEE-LEE,no,Leeds United,0.86,,win,0.1515,52728805072289319153728843007277351534012972248695187944017992734572818854490,0xce4511220e56fb37c7e3f64f7b55c0a1e05646475f2c9bfe9f518f28acf20f30,epl-ars-lee-2026-10-10,epl-ars-lee-2026-10-10-lee
0x361b16e3ddfe1d415d41008daac2631d94ab74fe:104133566882229246943424269281141570450716676763846455559686412072017228592509:1791636970,0x361b16e3ddfe1d415d41008daac2631d94ab74fe,0x361b..74fe,2026-10-10T12:56:10Z,2026-10-10T12:57:27Z,1.3,Will Arsenal FC win on 2026-10-10?,No,sports,moneyline,2026-10-10T11:30:00Z,0.49,12.23,copied,0.525,0.53,0.53,0.05,2.296,184.3471,100.0,0,0,0,,resolved,2026-10-10T13:53:50Z,0.0,-100.0,-1.0,,,,,KXEPLGAME-26OCT10ARSLEE-ARS,no,Arsenal,0.53,,loss,-1.0,104133566882229246943424269281141570450716676763846455559686412072017228592509,0x9f1a28479d9a01e771994b2aa667e574140e26f2720030fae2ce8f9019fc8f6f,epl-ars-lee-2026-10-10,epl-ars-lee-2026-10-10-ars
0x361b16e3ddfe1d415d41008daac2631d94ab74fe:15267155875852012168355644892936069679610351541418537680522914853232305341811:1791637150,0x361b16e3ddfe1d415d41008daac2631d94ab74fe,0x361b..74fe,2026-10-10T12:59:10Z,2026-10-10T13:02:33Z,3.4,Spread: Arsenal FC (-1.5),Leeds United FC,sports,spreads,2026-10-10T11:30:00Z,0.6298,309.51,copied,0.635,0.64,0.64,0.05,1.7682,153.4872,100.0,0,0,0,,resolved,2026-10-10T13:53:50Z,1.0,53.4872,0.5349,,,,,KXEPLSPREAD-26OCT10ARSLEE-ARS2,no,Arsenal wins by more than 1.5 goals,0.62,,win,0.5711,15267155875852012168355644892936069679610351541418537680522914853232305341811,0x1bc269503e4d16c3520391fc4932df28afd0f57bae4dd0521c9a97f2af513190,epl-ars-lee-2026-10-10-more-markets,epl-ars-lee-2026-10-10-spread-home-1pt5
0x5fdd66ffd0325d4e8d1d86fbec50caa31770a747:85119311624950484689939453725142016490679909220153911350521404493872197993074:1791638250,0x5fdd66ffd0325d4e8d1d86fbec50caa31770a747,juice-fruit,2026-10-10T13:17:30Z,2026-10-10T13:17:51Z,0.3,Chelsea FC vs. AFC Bournemouth: O/U 2.5,Over,sports,totals,2026-10-10T14:00:00Z,0.61,1009.062,copied,0.615,0.62,0.62,0.05,1.8646,158.2829,100.0,18.8048,18.7851,1,2026-10-10T15:36:45Z,part sold,,,,,0.625,2026-10-10T13:58:56Z,0.5,1.5,KXEPLTOTAL-26OCT10CFCBOU-3,yes,Over 2.5 goals scored,0.62,,,,85119311624950484689939453725142016490679909220153911350521404493872197993074,0xbe19edd044ede7724f434d3ce36c64ae71034c485cdd871868cdd0b38e0b0573,epl-che-bou-2026-10-10-more-markets,epl-che-bou-2026-10-10-total-2pt5
0x361b16e3ddfe1d415d41008daac2631d94ab74fe:51960961752678764478384654605546979724470487938050996579427311378937743233719:1791638959,0x361b16e3ddfe1d415d41008daac2631d94ab74fe,0x361b..74fe,2026-10-10T13:29:19Z,2026-10-10T13:33:25Z,4.1,Exact Score: Deportivo Alavés 3 - 3 Club Atlético de Madrid?,No,sports,soccer_exact_score,2026-10-10T14:15:00Z,0.991,58.29,priced_out,0.9905,0.992,,0.05,,,,,,,,,,,,,,,,,,,,,,,,51960961752678764478384654605546979724470487938050996579427311378937743233719,0x4033a8b904bfbada6f4bd308c9663e013ae840cef5bff8fad2e8bda9abc666c8,lal-ala-mad-2026-10-10-exact-score,lal-ala-mad-2026-10-10-exact-score-3-3
0x361b16e3ddfe1d415d41008daac2631d94ab74fe:10762343148072502287850773824927015947011264133677682219817939441508916235039:1791640684,0x361b16e3ddfe1d415d41008daac2631d94ab74fe,0x361b..74fe,2026-10-10T13:58:04Z,2026-10-10T13:58:56Z,0.9,FK Bodø/Glimt vs. Kristiansund BK: O/U 4.5,Under,sports,totals,2026-10-10T14:00:00Z,0.56,832.7,copied,0.555,0.56,0.56,0.05,2.1526,174.7274,100.0,0,0,0,,open,,,,,0.555,2026-10-10T13:58:56Z,-0.5,-0.5,KXELITESERIENTOTAL-26OCT10BOGKBK-5,no,Over 4.5 goals scored,0.56,,,,10762343148072502287850773824927015947011264133677682219817939441508916235039,0x3702d45e5a26202c56ece441766839d328f0b9016da7515230201d78cd7d23a6,nor-bog-kbk-2026-10-10-more-markets,nor-bog-kbk-2026-10-10-total-4pt5
0x361b16e3ddfe1d415d41008daac2631d94ab74fe:43059775466988562158870547933688132708206997074291912209753051364308493944970:1791645654,0x361b16e3ddfe1d415d41008daac2631d94ab74fe,0x361b..74fe,2026-10-10T15:20:54Z,2026-10-10T15:21:34Z,0.7,Will FC Augsburg vs. FC Bayern München end in a draw?,No,sports,moneyline,2026-10-10T13:30:00Z,0.3756,4.23,too_small,,,,,,,,,,,,,,,,,,,,,,,,,,,,43059775466988562158870547933688132708206997074291912209753051364308493944970,0xa2db2622be0ecdef6cb1660b34cf6d04e79fa436800eabf02d1990c70c9f1bf0,bun-aug-bay-2026-10-10,bun-aug-bay-2026-10-10-draw
0x5fdd66ffd0325d4e8d1d86fbec50caa31770a747:111650827834542717048167262285135767187405220827204669689781764884748796110464:1791646620,0x5fdd66ffd0325d4e8d1d86fbec50caa31770a747,juice-fruit,2026-10-10T15:37:00Z,2026-10-10T15:42:01Z,5.0,Counter-Strike: Aurora Gaming vs Vitality (BO3) - ESL Pro League Playoffs,Vitality,sports,moneyline,2026-10-10T13:45:00Z,0.7183,42954.1529,copied,0.715,0.72,0.72,0.05,1.3807,136.9713,100.0,0,0,0,,open,,,,,,,,,KXCS2GAME-26OCT100945VITAUR-VIT,yes,Vitality,0.72,,,,111650827834542717048167262285135767187405220827204669689781764884748796110464,0xfe14f91781fcc4aaf56763672231bd42da0c0d7b0e26e25f5ad3acbd31d864aa,cs2-aur1-vit-2026-10-10,cs2-aur1-vit-2026-10-10
0x111f73e91f85b6fe4de1ddec3de2fe32122e355b:104448928737391354397532943371221862879095731941859681076641114085127232589352:1791647949,0x111f73e91f85b6fe4de1ddec3de2fe32122e355b,Papeasy,2026-10-10T15:59:09Z,2026-10-10T16:02:31Z,3.4,"Bitcoin Up or Down - October 10, 11:55AM-12:00PM ET",Down,crypto,,2026-10-10T15:55:00Z,0.01,0.1,too_small,,,,,,,,,,,,,,,,,,,,,,,,,,,,104448928737391354397532943371221862879095731941859681076641114085127232589352,0x29d0fa3ce3d7b6c2117c57e456ba1216670f61d800c5141bd4bcbe56c5542381,btc-updown-5m-1791647700,btc-updown-5m-1791647700
0x361b16e3ddfe1d415d41008daac2631d94ab74fe:13026284144501215808365477243984522213175607741883702021151165156221184711197:1791648550,0x361b16e3ddfe1d415d41008daac2631d94ab74fe,0x361b..74fe,2026-10-10T16:09:10Z,2026-10-10T16:13:10Z,4.0,Will Sparta Rotterdam win on 2026-10-10?,No,sports,moneyline,2026-10-10T14:30:00Z,0.97,12.2,copied,0.8845,0.909,0.909,0.05,0.4529,109.5127,100.0,0,0,0,,open,,,,,,,,,KXEREDIVISIEGAME-26OCT10GAESPA-SPA,no,Sparta,0.91,,,,13026284144501215808365477243984522213175607741883702021151165156221184711197,0x169a96bb8ab085fa0fb8d10d2b2814e6606cbb94c8b5e661450a2abbec972e23,ere-goa-spa-2026-10-10,ere-goa-spa-2026-10-10-spa
0x361b16e3ddfe1d415d41008daac2631d94ab74fe:77889731417496560235838105183958870137904774025339369623516422463849998385684:1791648550,0x361b16e3ddfe1d415d41008daac2631d94ab74fe,0x361b..74fe,2026-10-10T16:09:10Z,2026-10-10T16:13:10Z,4.0,Will Go Ahead Eagles win on 2026-10-10?,Yes,sports,moneyline,2026-10-10T14:30:00Z,0.76,9.78,copied,0.275,0.33,0.3497,0.05,3.1473,276.9519,100.0,0,0,0,,open,,,,,,,,,KXEREDIVISIEGAME-26OCT10GAESPA-GAE,yes,GA Eagles,0.42,,,,77889731417496560235838105183958870137904774025339369623516422463849998385684,0xec4f1fee7c5deb427a5593a069a0d48e97848b3df3ae406c324e481aab6d1076,ere-goa-spa-2026-10-10,ere-goa-spa-2026-10-10-goa
0x7b6c6d1279098054b0c630a4b871002a7cd46305:106491472171517115392570191873284423337448746613588511308734025554970947793464:1791650379,0x7b6c6d1279098054b0c630a4b871002a7cd46305,eschaworldchampion2026,2026-10-10T16:39:39Z,2026-10-10T16:43:59Z,4.3,Counter-Strike: MOUZ vs Spirit (BO3) - ESL Pro League Playoffs,Spirit,sports,moneyline,2026-10-10T17:00:00Z,0.58,138.9942,copied,0.585,0.59,0.59,0.05,2.0088,166.0867,100.0,0,0,0,,open,,,,,0.585,2026-10-10T16:54:36Z,-0.5,0.5,KXCS2GAME-26OCT101300TSMOUZ-TS,yes,Spirit,0.59,,,,106491472171517115392570191873284423337448746613588511308734025554970947793464,0x280c14084a09a377759f936bf7dd0af17758dde65353b3c26b42bf7bec9b1d17,cs2-mouz-ts7-2026-10-10,cs2-mouz-ts7-2026-10-10
0x361b16e3ddfe1d415d41008daac2631d94ab74fe:19421076267154280439831018256831464726905901808220082673365622826516529250942:1791651040,0x361b16e3ddfe1d415d41008daac2631d94ab74fe,0x361b..74fe,2026-10-10T16:50:40Z,2026-10-10T16:54:15Z,3.6,Will FC Barcelona win on 2026-10-10?,Yes,sports,moneyline,2026-10-10T16:30:00Z,0.9497,18481.4,copied,0.945,0.95,0.95,0.05,0.2494,105.0007,100.0,0,0,0,,open,,,,,,,,,KXLALIGAGAME-26OCT10BARGET-BAR,yes,Barcelona,0.95,,,,19421076267154280439831018256831464726905901808220082673365622826516529250942,0xa0b3822f9b148a51389bca6f6e06682f7ef8e65b71e230a4160fae233c6fa283,lal-bar-get-2026-10-10,lal-bar-get-2026-10-10-bar
0x361b16e3ddfe1d415d41008daac2631d94ab74fe:46433614131942631149322795263286021590990130504513956611844783241541715671679:1791651040,0x361b16e3ddfe1d415d41008daac2631d94ab74fe,0x361b..74fe,2026-10-10T16:50:40Z,2026-10-10T16:54:15Z,3.6,Will FC Barcelona vs. Getafe CF end in a draw?,No,sports,moneyline,2026-10-10T16:30:00Z,0.95,1987.1,copied,0.9535,0.954,0.9541,0.05,0.229,104.5709,100.0,0,0,0,,open,,,,,,,,,KXLALIGAGAME-26OCT10BARGET-TIE,no,Tie,0.96,,,,46433614131942631149322795263286021590990130504513956611844783241541715671679,0x6398e57ae5e79b077968d958605313d3b56c743a07dcc85e3af115712bd052e6,lal-bar-get-2026-10-10,lal-bar-get-2026-10-10-draw
0x361b16e3ddfe1d415d41008daac2631d94ab74fe:96366133548298918188967097701835263392059826967763913067550110619005938616049:1791651040,0x361b16e3ddfe1d415d41008daac2631d94ab74fe,0x361b..74fe,2026-10-10T16:50:40Z,2026-10-10T16:54:15Z,3.6,Will Getafe CF win on 2026-10-10?,No,sports,moneyline,2026-10-10T16:30:00Z,0.989,2630.8099,priced_out,0.9885,0.99,,0.05,,,,,,,,,,,,,,,,,,,,,,,,96366133548298918188967097701835263392059826967763913067550110619005938616049,0x8827b430872d9577cd6304dea40b668ab1aa9eb839c69576fb085d7bf1ba4844,lal-bar-get-2026-10-10,lal-bar-get-2026-10-10-get
