wallet,wins,dumps,selection,tokens,hit_pct,win_rate_pct,realized_pct,harsh_pct,hold_min,per_day,median_buy_sol,observed_days,harsh_first_half,harsh_second_half,swaps,passes,scan
64hP97Bwr5PubotcTeGgfhkFrGiLVVxT2kVo9M9b4AEz,20,1,0.952,161,12.4,38.9,5.0,4.3,3.4,961.3,0.944,0.17,3.9,5.2,909,,3
ssssswdk4RR8HqkE3uwUWzDbd6mXFTTPjcXBKNzQ57E,10,0,1.0,84,11.9,41.2,2.4,1.5,3.3,1125.0,0.199,0.07,-1.8,1.9,810,,3
AJHY4fnkkY85wp3rhwyGwbR8HFjuBfHc9HqboffXtyHm,9,0,1.0,0,0.0,0.0,0.0,0.0,0.0,0.0,0.0,0.0,,,0,,3
8SKXAfr5zvZjzDYRiwGEXPvbTztSGa1FnSFGAzbWDtig,8,0,1.0,13,61.5,0.0,0.0,-100.0,0.0,19.6,0.2957,0.66,-100.0,-100.0,171,,3
CTEAzw27eoKMVKTpr5dxMF7Vcpgpv9ufDphZ9LsYLucE,7,0,1.0,13,53.8,0.0,0.0,-100.0,0.0,19.1,0.2793,0.68,-100.0,-100.0,239,,3
H6L5iCJMQrgjzZmqoUwwc5M9atnCQtMjNWLxKgwywYz9,7,0,1.0,2,350.0,0.0,0.0,-100.0,0.0,200.0,30.3123,0.0,-100.0,-100.0,2,,3
4TTVBVtHAzGL7btxr2h8GryJ69k8Q8uPGZsuvQV1hBEh,6,0,1.0,17,35.3,40.0,0.3,-2.0,30.5,41.0,2.3497,0.41,-2.4,-2.0,862,,3
FZU56d9iPqohXM5XBrYYBZLi2UoUnZT4V5Qf2631tEzb,6,0,1.0,214,2.8,21.6,-6.9,-15.8,1.2,192.0,1.2561,1.11,-13.4,-17.7,512,,3
97GpfcwyEz2VxtFrLsmajScRSzkTQ747p5xbgMAo1JY9,6,0,1.0,12,50.0,0.0,-1.0,-6.1,24.1,18.3,0.5057,0.66,-5.8,-5.8,946,,3
EpqC76WbRUMMjaDBkineGDVJaK9pafd3VuZCj5KcSqiL,6,0,1.0,12,50.0,0.0,0.0,-100.0,0.0,17.6,0.2864,0.68,-100.0,-100.0,219,,3
9PKwcLsehCryUjtJY1LbsK12myuKQiAQmv1Z93kNkuXU,6,0,1.0,3,200.0,0.0,0.0,-100.0,0.0,21.8,0.0522,0.14,-100.0,-100.0,174,,3
6UsCmhE6oLUUaGGy69hjVHH4nNKjvkbuy2cWKmqdEKmg,6,1,0.857,19,31.6,60.0,-0.8,-2.6,11.2,98.2,2.3799,0.19,-2.0,-4.0,796,,3
ANy7wgHLw3Ro2PUs56VgJDR4jWJ8ZszwtDqKce2YWuft,6,2,0.75,19,31.6,42.9,-0.2,-1.9,5.6,41.9,1.2414,0.45,-2.2,-1.4,843,,3
kiwiC4pg5mC4N5AhpXc4Av3V6oV7Sn2p3CqB7NeHbJJ,6,2,0.75,769,0.8,0.0,0.0,-100.0,0.0,3560.6,0.0019,0.22,-100.0,-100.0,931,,3
DH7hz5x4KpYqwoWtcyK8qm5VSqjvMCrNJoRVdKFDrZSL,5,0,1.0,14,35.7,33.3,1.3,-1.1,1.0,60.3,1.9443,0.23,-2.5,-0.7,767,,3
BDve94wdSWevoWocvtQN9wfrXQywMySP2Ee8SoNBDLZZ,5,0,1.0,18,27.8,75.0,0.4,-2.0,8.0,46.9,1.2991,0.38,-1.2,-2.3,784,,3
4YPGt87ZdzdJcVd3mJDnF2QtcKZcBgSZ3VtrhS8qwvqB,5,0,1.0,16,31.2,66.7,-1.0,-2.6,5.4,60.8,2.0257,0.26,-1.8,-4.0,790,,3
46zL6jUKQsU6FWQtCpQJUZbdnZSFNJTiAb81ke3DA5Cn,5,0,1.0,19,26.3,40.0,1.2,-1.1,18.1,19.1,1.1633,0.99,-0.7,-2.3,844,,3
4V9tfoGjuat8GNz5mJ5CmB7VUsDgPFvJFP2xsgjdVpbZ,5,0,1.0,29,17.2,18.2,-0.7,-4.3,15.2,50.9,0.9435,0.57,-5.0,-3.8,848,,3
DgLT61daBekYvMuSPK9Ya5ZXKrX8GKDnLj7tHBWQ23kx,5,0,1.0,16,31.2,33.3,0.2,-2.1,8.1,40.7,1.3444,0.39,-2.6,-1.6,838,,3
Gqm7QHpDKdNvvokzSj2DtowMTq29XVwnGu8FvFVNVUUv,5,0,1.0,45,11.1,38.9,0.8,-3.8,3.6,48.4,0.7333,0.93,-3.1,-4.4,848,,3
DMeyRd7Vk7HYvkEvPjRk3dhDQ6ys7ZjYfTGkt9kCLBGs,5,0,1.0,22,22.7,83.3,0.3,-2.3,8.5,40.2,1.0323,0.55,-2.4,-2.3,879,,3
EzbeF2bADKo6GutJyWmgodyGJFeBPhcrXSdZUXPX5WGc,5,0,1.0,145,3.4,19.7,-11.1,-26.0,1.5,91.5,2.0239,1.58,3.2,-28.1,881,,3
2QgCB7kHaQapmFg7psvH9Ss46g3XkcVgzdMFkLjmGtro,5,0,1.0,19,26.3,50.0,-6.0,-17.1,168.7,11.5,0.515,1.66,-19.6,-11.9,914,,3
ru8t8RNxaZZGmWhHq8eKM3Dgvk3NbHoXBmSGyHeBJrJ,5,0,1.0,12,41.7,20.0,-0.4,-4.2,64.3,18.7,0.6656,0.64,-2.2,-7.2,932,,3
5TQ3N5ziLErFJATEv3XK8xyWVwDPwbT1Qi2uKVx9XUun,5,0,1.0,35,14.3,42.9,1.5,-3.2,64.7,8.2,1.0498,4.28,-3.6,-2.7,812,,3
DTB26qQTD56hEnsHgx5MTfWkJYXLU7WEq2zw1baha3t5,5,0,1.0,13,38.5,50.0,-0.8,-4.5,63.6,19.4,0.6521,0.67,-4.9,-4.5,935,,3
6r455YHEcMYa42FhtuHGxtxbS8FbEG2Aj4q7FhSM582A,5,0,1.0,169,3.0,44.4,-1.3,-10.8,0.2,34.6,0.0021,4.88,-10.5,-100.0,635,,3
2UCwGxbSQv6d2c5xoZrAveVeFfAt2b6Qt71NrN3kQhAg,5,0,1.0,15,33.3,0.0,0.0,-100.0,0.0,17.4,0.1282,0.86,-100.0,-100.0,344,,3
5twJ4TMozk4LLQNpinCf4MR7EqxV3P3SEHGNn2bdGbQX,5,1,0.833,6,83.3,0.0,0.1,-2.6,2.2,35.6,2.6009,0.17,-3.1,-2.9,743,,3
4suL6sgqS44k67STxtp9qFzwp4FC5Uaucvc4U95Rzvho,5,1,0.833,13,38.5,57.1,0.5,-1.1,10.5,69.5,1.7531,0.19,-0.5,-1.9,907,,3
BqSK3oa2bGa3SeSKwmJkd39xwzhV9UsSrJdyCmpGAmub,5,1,0.833,9,55.6,57.1,0.6,0.2,11.5,83.5,2.1015,0.11,1.7,0.2,861,,3
EPYJeHsqKCvbzwNMdLpze7s5Yw5pRiD4YLzUhxouGQbP,5,1,0.833,146,3.4,36.4,0.5,-6.8,7.0,34.6,0.0021,4.22,-6.5,-100.0,669,,3
DSTzpD4JNDWKMbdV1gXeK7kNHNy9SRuXwLkkWGaaR1B,5,2,0.714,19,26.3,75.0,0.8,-0.8,3.9,81.5,3.2922,0.23,-1.8,0.8,774,,3
5KeUcivVXR5MEgLDFQp5Pxfenxv32UDSXKnhFYdGtJWJ,5,2,0.714,12,41.7,0.0,0.0,-100.0,0.0,56.2,0.0862,0.21,-100.0,-100.0,432,,3
27HFmP7ccLadGswvQfvea4o3juLw75cPF4V6jWpHM3MX,5,6,0.455,675,0.7,0.0,0.0,-100.0,0.0,4721.5,0.0019,0.14,-100.0,-100.0,916,,3
Aa9mpEB7GrAs4H2J4tydFUyLvvnMwoeJRpRmmp9y57f5,4,0,1.0,18,22.2,27.3,0.3,-1.6,3.8,95.2,2.3168,0.19,-2.5,-0.2,822,,3
3HB71Q5JXnbKBRLkzrEtzp8u9Cbk1J4mp2o26t4Cszs1,4,0,1.0,14,28.6,28.6,-1.5,-3.2,4.9,83.8,2.355,0.17,-2.5,-6.2,774,,3
HHEHixZjq8ZkzydX4YLhf7A8wrd1XKCz4wyDkVSa2rNE,4,0,1.0,17,23.5,77.8,1.2,-0.3,4.3,108.1,2.3938,0.16,-0.1,-6.0,798,,3
FHvjgbUePYmpVoqx4EUqEcgpWzq4bRwNnJnXZwMbgVvE,4,0,1.0,12,33.3,33.3,1.0,-3.7,0.9,75.2,2.2102,0.16,-3.1,-4.1,692,,3
