ts,action,mint,symbol,pool,sol_lamports,token_raw,usd_value,gecko_price_usd,reason,signature,note
1788046377,buy,B7Q4Bu3gcgQ42TSTpJbhQbFj7GyWY5x2njYmCNy6pump,walkingaway,4QorRZAMXKTXEk3exSh6zyFU6PXL93A8NE5YohnJcrpY,141898675,1704999576405,15.0,8.701775191818775e-06,,5n7dutc99GetKA2U5mmmYof2cymwr9DPSEH8CsLftL26VNX2EZd6nyrpbYA5SKqajaHwpKM9weZfZLp6op92Rgm3,
1788046377,buy,3uE2EqvGxpk5QgfWZZEU8apQUbgKwasRgpZtHphQUJSg,STACY,Gfbv1ig7mmXdeMcQWcyskhFBrs8fgLRcYqQSruavtUuq,141898675,1092325843555,15.0,1.1381781912246766e-05,,2m7p9EvmpVv52kxRGTiD3nhRSge1zMbBNUMyiJTHJjmFUCMQ52z3fZJWtgnbLnq2HfRgNgYReS8ZDbjaYoWMicL8,
1788046602,buy_failed,WpPuZhJcqai25qbHbXWTfhL7jbJ9KwbJStThyEypump,USTF,6mG3j1b2cK5vWAGrNYve7KeAqNUTsDCKmnZoTUVYmy7k,,,,,,LXMBQ8mQ1fKyv3nHWZHTTVCqQ9LgsSuYaQ4hB6dqVjagEGu2kzwQ6sY2mCDYvCp356rFGAvP1dq2okqmcrPZ8QR,"unconfirmed, no tokens"
1788046602,buy,8naF92YSqymuuF5YcZfD4Zb1gTBwRUnfCs1s66KDpump,APESTACY,5i54CuGdkbYjPDLjEP99pf7dZtLoxxiUNSZ6ogGTWi1t,142048027,181995825152,15.0,0.00012268803355704888,,ACtaTXEEonMW536P8Ko9dMn8LQc6PbfyJm2a3UzFoMycVEo7PjTGzmVPyr4xnmD8msrckyyMVbpfukEsqADNtn7,
1788046897,buy_failed,EQgfDFHAMS5tEoFWPbCvrS5KN73qzJ6u9TSxmyxw1DGM,NVIDIA,ES2StkmPWtCzL3vnzm3wZYBExLX3TGkgBTiV4WL9qwDc,,,,,,3nNTaWAgFQgUqZoq4FSCSQv6ZUNNDyJKvNghd4dKdxub1JfoiJUF42VucBtna7mBmLhLBXpTyrVnRBGWnYcHDJp2,"unconfirmed, no tokens"
1788046897,buy,9qQSBYbRd4qqwZVdpsDuR2pcyff59VQAGFupGbPWpump,👀,9Eqn5jTEK7ScrECBGVjHV33CepNkZFVRUjskxWCr6Txp,141939698,4791861222926,15.0,7.777188102139096e-06,,3sYrLVLMzzss1WrCM1kWaHr4ZCBJwTdcYjABRSMZYjCFkPSZRDzBusAT3uKoKEdHc4AmesTUoTw8tapWCjCkFf5B,
1788047418,buy,CuWAv9T2qhp2nZEpePz5R9z6NyhkRCUirNMQi8Gvpump,ROCKET,7eGenZtqkaaaLXHSsox3PaTe7Zb1pgve4RGKDDz1YmTK,141870654,210099432371,15.0,5.98809321039303e-06,,3rzGkBBd6nvV4Bs1jPYheAhFALpAyx5DgXo8X5phVfbZyzDfT1kddXaKUQVfQardH1pcnJ1xqCgJPvGkCMvPW8oP,
1788047568,sell,8naF92YSqymuuF5YcZfD4Zb1gTBwRUnfCs1s66KDpump,APESTACY,5i54CuGdkbYjPDLjEP99pf7dZtLoxxiUNSZ6ogGTWi1t,,181995825152,31.2414,,tp,5rUqbEiy3d3vXiL8cVAESCEWyjk3sLRgmvWabuzKa8fNvPCUWsqzFEvRC4ESS36pYkrk8aZobs7KSctsQupm44aG,pnl_pct=108.3
1788047643,buy,EgqPe7oJAuARovviDbBuZNZNaGTXswJ7Gw3vzNNXpump,SpeedRun,Dexe2JwACcyX2dsuPFWUJ2z3HbrrpW8CAs85kvVuspD6,142026028,1539188436921,15.0,1.2542679637617517e-05,,4qvvKYpw6kSTRtKjXvxfZRDdiNYHLb8sBtdZP7N8psoixwCZuSpGMsC3TLEoRuTRUKB9mruQ5BUkTKuP56jqAFUB,
1788057321,sell,EgqPe7oJAuARovviDbBuZNZNaGTXswJ7Gw3vzNNXpump,SpeedRun,Dexe2JwACcyX2dsuPFWUJ2z3HbrrpW8CAs85kvVuspD6,,1539188436921,30.4356,,tp,3dYUomkqzKicTPRnV8tQ1Jw3MuGyxkCrGJ9fGiTtFLaqRRHfBcy17qoLuLYJkVrcp3xbPbM5i9iFBYPDARPvnn1T,pnl_pct=102.9
1788057471,buy,Are3k8MgN7U6hbLdWnAhUchMs5UsTkbFC6a671nrpump,GOONER,48kD4ozZbxiMe53Hv2Cj4Zk642fEi3KMHKE6xPpa5idc,142459386,1347872434786,15.0,7.974634968577943e-06,,5LMCTHNvGrkMMBbf5jZecjrRJnbyypUNCGoV8fLaYGvxZcRsrJPgmvgdYwjgfKWAX5uyUYauvXR5QjEE7x3n4FN1,
1788057621,sell,Are3k8MgN7U6hbLdWnAhUchMs5UsTkbFC6a671nrpump,GOONER,48kD4ozZbxiMe53Hv2Cj4Zk642fEi3KMHKE6xPpa5idc,,1347872434786,6.1757,,sl,27h3s1sGmSbXDSnQNcDRnVAfkDVaKXVrf66Xd5Ry7LbHzee7Pq6Ga5evDj7FwqQ6y5dncGYhSKKcomMXZuwcdFGV,pnl_pct=-58.8
1788057696,buy,xw6f5n1JPe4Di4W4rp4ZXw6uU52hSX8LKptM3Avpump,WWR,Hu6y2pDCRJ26qouu82Vo3JHoaFWji48DgAgP17CYGsxN,142446891,277984765,15.0,0.05332394487111299,,4mVHuXPMfdZYGqMZfZ19DPc1ax1gTv8CJV7ArB9BvxTDQqbyJPsZ1EVv4WM6FoNjW5KWY79fTTopdSsKtJZ34ohj,
1788058234,sell,xw6f5n1JPe4Di4W4rp4ZXw6uU52hSX8LKptM3Avpump,WWR,Hu6y2pDCRJ26qouu82Vo3JHoaFWji48DgAgP17CYGsxN,,277984765,0.0005,,sl,5KrmmGetp6zxo1anoUsDmCnE9sYHwtLABiwL1fEg518uECqsV2wtj15ctaykHdPbcsEj9SiLuRfVn69wtVuz1ag2,pnl_pct=-100.0
1788058459,buy_failed,6STkK2s1UEQjx5RzoH4ar3M5L7XEHv3XtU7h2bjTdoge,NIKOCOIN,6onnWj8DL5F8DnVjNsfdBmzQ8Xq9CTTTmfkur1tD2f9D,,,,,,2Vp1PXmPrLiZ2eSa9weakK1qdNLsai8A432HuHBk9vZcAydmqcHrB1LNrG9qzqGL6K8iXssXNqEwryMuC53ZdAiN,"unconfirmed, no tokens"
1788058743,buy,Tgn7WGcXkBe6gVoHoVawk1RkK8C3VPaqpdFFtdupump,COCK,CJUUhCaeHS38UavZRk2W7E7m7mqqztroUHpv94b4eXCX,142449763,4920678333131,15.0,7.793892320914232e-06,,2D5PthSFtpjRXFq4xGQqbiG4NAAnX3XiVZVCkewZjLQQB8nANNr8hhQEL2i8vtjLqcSxhLp4T8UgoSAAU2jaojDa,
1788109963,buy,42VQ5X1MRCuAGjLmrF9m64UMj2Cq6FrsMVDrEsrNUUHx,我的女友是景甜,DHpHnNHyx2dvXkaSxrYwFXxtw5WKJ9cw3mqChHvPUge4,140659013,1179410528957,15.0,1.1546411738596225e-05,,4UDW91SZYCSkDbyeL5HyyPa5KNDSVqrp8dsY7jPT3EhvjR2ew8HJpuNkwgyQasdNt5ZjCMso8G4C5RMm3b5aWJTe,
1788110188,buy,7fZA3LSQ6L3wkwBfwbuLD1BTMx6mYYzdXSM5x56vSzYj,孙宇晨,GfM67vcWUaqsC72DBzYJH2uSJhT6hawvxj12p78WHoPB,140966527,1915140346625,15.0,7.798681565744974e-06,,4kAbdk8QqwWfkvfhup5EJ3dvvLCvNrx35tCHRU8zCJZYeere8HUaAGp3ruSQjPXX86cZhakiHm6yfJPoKqUpBpzV,
1788110413,buy,CrjmF4jnxDHyoRgJcFxBvZAW1mbzMbDhTmw8uxCz4CvF,Sayloor,AYBswxabWe4b6mbp6CxAxDmDrgaSgbAAjggou2P3XKA1,141181538,729524071433,15.0,1.774600411353558e-05,,y13W62MrJDtZ6LQ51S2u6TpmnV56HYkuiLM8hrtHt6sQKeYK9p4ptCrfn3vbCFktrUPJTN2UEawfgHa2NYaGv5Y,
1788110488,sell,CrjmF4jnxDHyoRgJcFxBvZAW1mbzMbDhTmw8uxCz4CvF,Sayloor,AYBswxabWe4b6mbp6CxAxDmDrgaSgbAAjggou2P3XKA1,,729524071433,0.0006,,sl,4fb3BKxbWpgxj4sfCtvs1tBnhpnSLvScxcAPWs3U9zAaKZhXnCEZFWjfk74uSshbg6LB4cA4aWfcsDhyxmQz6wUN,pnl_pct=-100.0
1788112848,writeoff,3uE2EqvGxpk5QgfWZZEU8apQUbgKwasRgpZtHphQUJSg,STACY,Gfbv1ig7mmXdeMcQWcyskhFBrs8fgLRcYqQSruavtUuq,,,0,,no_route,,liquidity gone
1788112848,writeoff,CuWAv9T2qhp2nZEpePz5R9z6NyhkRCUirNMQi8Gvpump,ROCKET,7eGenZtqkaaaLXHSsox3PaTe7Zb1pgve4RGKDDz1YmTK,,,0,,no_route,,liquidity gone
1788112998,writeoff,42VQ5X1MRCuAGjLmrF9m64UMj2Cq6FrsMVDrEsrNUUHx,我的女友是景甜,DHpHnNHyx2dvXkaSxrYwFXxtw5WKJ9cw3mqChHvPUge4,,,0,,no_route,,liquidity gone
1788113073,writeoff,7fZA3LSQ6L3wkwBfwbuLD1BTMx6mYYzdXSM5x56vSzYj,孙宇晨,GfM67vcWUaqsC72DBzYJH2uSJhT6hawvxj12p78WHoPB,,,0,,no_route,,liquidity gone
1788132836,sell,B7Q4Bu3gcgQ42TSTpJbhQbFj7GyWY5x2njYmCNy6pump,walkingaway,4QorRZAMXKTXEk3exSh6zyFU6PXL93A8NE5YohnJcrpY,,1704999576405,14.1275,,time,xgEM1rkgKqTJYkUkYqh4rQAvVSLppt7gdSPBNQhvoEPvhiCS59Zyuh2J1wx3n5aEKRrZYgMHE5rSsaw3SiAtVje,pnl_pct=-5.8
1788133302,sell,9qQSBYbRd4qqwZVdpsDuR2pcyff59VQAGFupGbPWpump,👀,9Eqn5jTEK7ScrECBGVjHV33CepNkZFVRUjskxWCr6Txp,,4791861222926,13.4899,,time,fdwuprKBctPZW1cvoBgsuMZKUUGY64YUFE6bc6Q39ZUT2aSyTi62LKC6rFnh6SDxYhgSgGtMw2PcZRUuqTNJ3jA,pnl_pct=-10.1
1788145337,sell,Tgn7WGcXkBe6gVoHoVawk1RkK8C3VPaqpdFFtdupump,COCK,CJUUhCaeHS38UavZRk2W7E7m7mqqztroUHpv94b4eXCX,,4920678333131,13.8488,,time,5sgdRqqAf6wXtFx1WNHj4Z4tjyGhgEaD9mGL7jQ1XPdjm2dbJtXVSXpXZ3wxsHSQT5m6uUhSfdH9CPCdyR17YCFQ,pnl_pct=-7.7
